group,n,selected_longer_rate,target_longer_rate,selected_len_mean,target_len_mean,score_gap_abs_mean
all,1247,0.42662389735364875,0.42261427425821974,590.1371291098636,584.0304731355253,0.3390324278267843
correct,931,0.40171858216971,0.40171858216971,558.9119226638023,558.9119226638023,0.37211961264769067
wrong,316,0.5,0.48417721518987344,682.132911392405,658.0348101265823,0.24155088014240506
