group,n,selected_longer_rate,target_longer_rate,selected_len_mean,target_len_mean,score_gap_abs_mean
all,100,0.41,0.36,277.79,276.39,0.539833984375
correct,81,0.35802469135802467,0.35802469135802467,271.6666666666667,271.6666666666667,0.6073374807098766
wrong,19,0.631578947368421,0.3684210526315789,303.89473684210526,296.5263157894737,0.2520559210526316
