window,start_step,end_step,n,loss_mean,score_gap_mean,gap_positive_rate,score_chosen_mean,score_rejected_mean,chosen_len_mean,rejected_len_mean
first_window,0,63,64,0.74969482421875,-0.0389862060546875,0.484375,-0.05499839782714844,-0.016174793243408203,430.125,437.3125
last_window,532,595,64,0.6773605346679688,0.207275390625,0.609375,0.2587852478027344,0.05166769027709961,404.203125,398.078125
overall,0,595,596,0.6809278654572147,0.11681534939964346,0.5587248322147651,0.1862529780240667,0.06942185779545931,433.1140939597315,432.4530201342282
