window,start_step,end_step,n,loss_mean,score_gap_mean,gap_positive_rate,score_chosen_mean,score_rejected_mean,chosen_len_mean,rejected_len_mean
first_window,0,63,64,0.74969482421875,-0.0389862060546875,0.484375,-0.05499839782714844,-0.016174793243408203,430.125,437.3125
last_window,960,1023,64,0.6733551025390625,0.1613311767578125,0.625,-1.3204407691955566,-1.4817218780517578,469.03125,456.828125
overall,0,1023,1024,0.6755330562591553,0.13737893104553223,0.572265625,-0.28486400842666626,-0.4222487211227417,438.4150390625,434.5859375
