query_source,n,accuracy,accuracy_percent
COCO,24,0.7916666666666666,79.16666666666666
GQA,16,0.75,75.0
VQAv2,14,0.7857142857142857,78.57142857142857
LCS-558K,12,0.8333333333333334,83.33333333333334
OK-VQA,11,1,100
TextVQA,9,0.7777777777777778,77.77777777777779
Google-Landmark,4,0.5,50.0
sharegpt4v-web-celebrity,3,1,100
MovieNet,2,1,100
OCR-VQA,2,1,100
sharegpt4v-web-landmark,2,0.5,50.0
LRVInstruction,1,1,100
