epoch,loss_mean,loss_min,loss_max,score_gap_mean,score_gap_min,score_gap_max
0,0.7685546875,0.34765625,1.328125,-0.061279296875,-1.015625,0.875
1,0.22725296020507812,0.007598876953125,0.640625,2.0654296875,0.109375,4.875
