group,n,selected_longer_rate,target_longer_rate,selected_len_mean,target_len_mean,score_gap_abs_mean
all,1247,0.4715316760224539,0.42261427425821974,591.7433841218925,584.0304731355253,0.7469103277064173
correct,596,0.39429530201342283,0.39429530201342283,533.3708053691275,533.3708053691275,0.7339262482303901
wrong,651,0.5422427035330261,0.4485407066052227,645.184331797235,630.4101382488479,0.7587974419425343
