segment,loss_mean,score_gap_mean
first32,0.7601318359375,-0.06951904296875
last32,0.7238998413085938,0.1043853759765625
all128,0.7071743011474609,0.07693862915039062
